midpoint,sim_0_n_sig,sim_10_n_sig,sim_11_n_sig,sim_12_n_sig,sim_13_n_sig,sim_14_n_sig,sim_15_n_sig,sim_16_n_sig,sim_17_n_sig,sim_18_n_sig,sim_19_n_sig,sim_1_n_sig,sim_20_n_sig,sim_21_n_sig,sim_22_n_sig,sim_23_n_sig,sim_24_n_sig,sim_25_n_sig,sim_26_n_sig,sim_27_n_sig,sim_28_n_sig,sim_29_n_sig,sim_2_n_sig,sim_30_n_sig,sim_31_n_sig,sim_32_n_sig,sim_33_n_sig,sim_34_n_sig,sim_35_n_sig,sim_36_n_sig,sim_37_n_sig,sim_38_n_sig,sim_39_n_sig,sim_3_n_sig,sim_40_n_sig,sim_41_n_sig,sim_42_n_sig,sim_43_n_sig,sim_44_n_sig,sim_45_n_sig,sim_46_n_sig,sim_47_n_sig,sim_48_n_sig,sim_49_n_sig,sim_4_n_sig,sim_50_n_sig,sim_51_n_sig,sim_52_n_sig,sim_53_n_sig,sim_54_n_sig,sim_55_n_sig,sim_56_n_sig,sim_57_n_sig,sim_58_n_sig,sim_59_n_sig,sim_5_n_sig,sim_60_n_sig,sim_61_n_sig,sim_62_n_sig,sim_63_n_sig,sim_64_n_sig,sim_65_n_sig,sim_66_n_sig,sim_67_n_sig,sim_68_n_sig,sim_69_n_sig,sim_6_n_sig,sim_70_n_sig,sim_71_n_sig,sim_72_n_sig,sim_73_n_sig,sim_74_n_sig,sim_75_n_sig,sim_76_n_sig,sim_77_n_sig,sim_78_n_sig,sim_79_n_sig,sim_7_n_sig,sim_80_n_sig,sim_81_n_sig,sim_82_n_sig,sim_83_n_sig,sim_84_n_sig,sim_85_n_sig,sim_86_n_sig,sim_87_n_sig,sim_88_n_sig,sim_89_n_sig,sim_8_n_sig,sim_90_n_sig,sim_91_n_sig,sim_92_n_sig,sim_93_n_sig,sim_94_n_sig,sim_95_n_sig,sim_96_n_sig,sim_97_n_sig,sim_98_n_sig,sim_99_n_sig,sim_9_n_sig,mean_n_sig,sd_n_sig,normal_window_prob,expected_n_young,expected_n_old,expected_n_total,expected_n_eff,expected_young_mean_age,expected_old_mean_age,expected_abs_age_diff
25,1778,25,1744,0,1695,1688,1757,1850,1777,1817,1776,1824,1816,1741,1698,1660,12,0,1703,1780,1823,0,1722,1754,1773,1835,76,1780,0,1713,1783,1768,1715,1772,1778,0,1765,1802,1760,1822,1700,1769,13,1785,1781,1751,1761,1722,1723,1800,1779,1787,1693,1750,1661,1764,1754,1784,1730,0,0,1715,2,2,1717,1763,1739,1769,10,1740,1822,1736,1813,1770,1746,1783,1791,1773,1758,1780,1708,1764,1795,1754,1790,1747,1680,2,1812,1769,72,1809,0,1758,1747,1751,1760,0,1771,1773,1445.8,676.2249491243148,0.01606199895225644,0.17723303880159152,15.88476591345485,16.06199895225644,0.3505547898318146,23.28379803595018,32.60080356889053,9.317005532940346
26,1824,52,1801,1,1798,1755,1800,1874,1811,1856,1831,1864,1823,1830,1725,1746,21,0,1800,1825,1837,8,1745,0,1806,1835,239,4,30,1806,1833,1775,1780,1818,1832,1,1828,1819,1794,1837,1774,1838,29,0,1797,1807,1824,1814,1776,1823,1836,1832,1819,1772,1752,2,1793,0,1782,0,105,1801,6,1,1809,1806,1817,1821,36,1815,1843,1806,1851,1834,1798,1794,1841,1836,1811,1816,1794,1803,1826,0,1829,1820,1782,18,1,1817,148,1824,5,1807,1813,1778,1780,182,1801,1812,1366.21,773.1311817158936,0.022749536489804427,0.3027879644432617,22.446748525361166,22.749536489804427,0.5975159359760936,24.230150900511887,33.511512943232006,9.281362042720119
27,1858,132,1863,19,1855,1830,1855,1882,1827,0,1861,1895,1872,1878,1789,1816,36,354,1830,1850,1849,21,0,4,1841,1859,305,5,39,1847,1848,1,2,1845,0,6,1857,1860,1835,1852,1829,2,62,2,1837,1831,1836,1880,1840,1865,1867,1850,1855,1837,1802,111,1838,0,1806,3,210,1848,39,9,1859,1861,1848,4,68,1846,1865,1842,1868,1860,0,1830,1875,1861,1837,1866,1825,1843,0,38,1860,1875,1838,53,96,1853,270,3,79,1821,1839,1863,1843,249,1835,1861,1223.71,857.6874391836068,0.03164420331610131,0.5074078745929995,31.13679544150831,31.644203316101308,0.9985434007481427,25.173692784118703,34.41777613762797,9.244083353509264
28,55,154,1894,55,1877,1885,1871,0,1870,105,3,1899,1897,4,1838,1876,111,444,1869,1883,4,62,2,18,0,16,510,14,79,1870,1866,8,3,1882,83,158,0,1868,1861,1883,1863,19,59,325,1,1858,1869,1906,0,66,1897,1881,1888,1,1838,184,1855,106,1842,184,272,1872,88,30,1900,1900,34,6,167,1863,1874,1868,0,2,5,1859,1893,1871,1855,1878,12,1862,0,158,1892,1892,1878,110,119,1866,353,7,159,3,1871,1887,1883,322,1862,1895,946.87,900.5903075878688,0.04323571069476962,0.8341153090129788,42.40159538575664,43.23571069476962,1.6360466507660423,26.114262473718146,35.3194713693195,9.205208895601356
29,105,207,1907,61,1893,1913,1893,0,0,123,95,0,1906,125,1895,1899,154,688,1890,1901,7,89,1,26,0,214,607,28,139,1896,1,130,2,1889,277,221,63,1892,1883,0,1897,30,155,481,30,1875,1884,1918,63,124,0,0,1900,1,1864,330,1,301,0,307,441,15,132,172,0,1919,462,16,213,1,129,1906,22,3,7,1,1911,1893,23,1895,16,1895,115,237,1,1907,0,161,345,1890,405,8,230,17,66,1910,0,480,1883,0,639.08,819.1323036659531,0.05803682390413139,1.3451550664339587,56.69166883769743,58.03682390413139,2.6279551647276245,27.051693942255092,36.21649836423181,9.164804421976719
30,133,356,1919,409,3,13,7,30,0,207,137,49,13,507,1914,3,236,832,1895,1913,7,409,38,34,17,316,680,44,290,1904,18,323,103,21,408,468,221,0,1896,299,1908,155,221,519,276,41,1909,3,401,198,75,0,1916,94,1886,407,104,508,88,466,648,24,173,449,0,1926,577,23,294,3,224,12,176,9,160,12,1924,0,257,0,33,390,160,458,1,1913,0,344,550,0,566,286,274,70,112,1920,25,545,3,0,437.88,626.7879199263946,0.07655461786126026,2.128259331511795,74.42635852974847,76.55461786126027,4.13818516705145,27.985817392843902,37.10878293834607,9.122965545502165
31,593,520,1940,476,6,112,192,548,48,545,230,510,153,665,1935,127,299,1052,187,15,246,529,216,209,200,553,911,308,388,1,482,535,581,562,678,565,504,0,0,706,1,214,267,628,665,198,1926,234,644,397,118,142,1937,364,30,550,141,649,352,553,751,40,302,518,91,1937,791,360,365,101,519,15,683,392,464,396,7,49,473,6,60,555,466,684,3,1920,103,599,878,0,730,596,339,108,394,16,31,666,4,198,449.47,453.44979464393435,0.09925424656221396,3.303792457096306,95.95045410511766,99.25424656221396,6.387643803809497,28.91646059067834,37.996281741154874,9.079821150476533
32,758,625,1948,616,116,318,558,972,495,793,432,781,534,741,7,354,583,1165,317,311,663,660,534,573,510,749,1011,500,588,52,682,684,641,812,906,743,835,293,0,842,37,693,669,832,863,379,0,549,741,571,239,429,5,625,524,655,315,756,574,660,874,152,520,787,143,1,934,694,597,456,788,261,953,485,638,736,58,393,707,5,189,769,587,798,264,1937,497,831,1022,78,804,832,472,127,679,326,41,722,133,484,565.92,343.1355028750789,0.12651728323172462,5.032324032862205,121.48495919886241,126.51728323172462,9.664318805960912,29.843450516941836,38.87898703055637,9.035536513614531
33,957,686,67,857,459,693,892,1080,833,948,681,916,895,932,237,523,658,1242,663,611,808,859,775,810,861,996,995,858,710,376,880,861,785,983,1021,976,959,806,154,1120,354,906,677,993,1082,784,0,636,1004,783,603,670,20,836,740,791,576,832,964,890,979,201,805,920,653,549,1062,873,603,734,1078,618,1079,718,966,987,112,882,805,400,679,893,825,907,779,106,670,975,1148,387,985,1068,584,569,840,612,554,889,592,797,754.47,261.94626848985183,0.1585978938709338,7.521859378196448,151.07603449273734,158.59789387093377,14.330236791097631,30.766615376597905,39.756931318727034,8.99031594212913
34,1081,977,694,968,791,792,1086,1250,978,1115,872,1097,1065,1044,770,681,997,1294,749,854,1126,1105,1020,955,1009,1181,1018,1094,851,727,1158,1030,951,1147,1134,1097,1037,1041,659,1222,654,1062,932,1122,1205,967,287,827,1139,1036,866,945,79,1065,876,1036,772,1093,1078,1074,1145,409,831,1092,925,836,1150,1035,816,897,1223,781,1176,936,1062,1165,740,996,1021,651,896,1062,1028,1001,994,374,816,1111,1271,715,996,1176,695,895,985,795,752,784,991,898,949.54,207.49211595098782,0.19558107992399523,11.03360024983564,184.54747967415958,195.58107992399522,20.82229138555367,31.685786987263246,40.63019170139607,8.944404714132826
35,1220,1151,1000,1058,935,951,1170,1389,1201,1266,1126,1251,1259,1131,943,927,1196,1322,1051,1144,1288,1204,1124,1109,1232,1363,1148,1272,948,912,1295,1131,1115,1263,1250,1140,1198,1218,1037,1336,1004,1186,1165,1253,1302,1188,963,985,1189,1197,1126,1133,698,1215,983,1176,1025,1228,1220,1150,1266,824,1034,1202,1040,1042,1252,1136,1065,1070,1339,1001,1330,1076,1179,1277,1049,1196,1208,1049,1046,1223,1276,1181,1212,925,981,1210,1376,1084,1064,1297,850,1097,1119,1064,1068,1003,1139,1134,1136.44,129.7813483665445,0.23734774233660302,15.88476591345485,221.46297642314815,237.347742336603,29.643320002510606,32.60080356889053,41.498893661349896,8.89809009245937
36,1319,1298,1145,1233,1215,1111,1303,1469,1296,1417,1269,1394,1336,1285,1063,1115,1305,1408,1216,1309,1389,1379,1221,1217,1299,1416,1338,1368,1219,1149,1447,1216,1219,1343,1339,1322,1327,1329,1203,1396,1169,1349,1279,1345,1367,1307,1224,1223,1277,1324,1295,1337,1086,1331,1179,1320,1169,1267,1310,1251,1356,1083,1227,1314,1239,1178,1375,1308,1202,1257,1447,1198,1457,1238,1271,1359,1285,1356,1317,1198,1222,1333,1400,1230,1321,1169,1190,1282,1412,1246,1200,1368,1081,1203,1270,1141,1153,1169,1253,1247,1276.06,90.78777784515164,0.28355119967585823,22.446748525361166,261.1044511504971,283.55119967585824,41.33959553355868,33.511512943232006,42.363214124006326,8.85170118077432
37,1442,1422,1354,1392,1356,1287,1396,1535,1374,1463,1402,1477,1449,1393,1172,1252,1385,1438,1311,1404,1458,1464,1273,1396,1410,1507,1430,1478,1300,1341,1495,1341,1343,1450,1383,1426,1411,1446,1311,1437,1300,1415,1382,1441,1450,1407,1340,1386,1400,1411,1412,1440,1275,1444,1318,1402,1324,1391,1386,1364,1451,1251,1353,1431,1371,1346,1430,1408,1334,1360,1504,1348,1534,1341,1383,1460,1399,1444,1399,1379,1333,1439,1452,1270,1409,1349,1357,1407,1482,1371,1378,1430,1210,1298,1353,1359,1351,1298,1381,1376,1387.21,66.60107303409556,0.3336089502224603,31.13679544150831,302.47215478095194,333.60895022246024,56.461396517608605,34.41777613762797,43.22338354157216,8.805607403944194
38,1492,1502,1463,1502,1446,1432,1504,1567,1472,1509,1481,1545,1518,1471,1301,1419,1492,1505,1408,1495,1512,1514,1385,1482,1465,1529,1477,1547,1427,1472,1541,1442,1420,1491,1473,1472,1461,1509,1409,1506,1441,1507,1423,1493,1498,1484,1422,1502,1466,1462,1517,1518,1389,1491,1412,1502,1424,1464,1473,1419,1523,1388,1455,1501,1485,1494,1492,1491,1460,1453,1577,1411,1567,1432,1501,1504,1537,1521,1457,1453,1418,1515,1515,1397,1505,1433,1481,1473,1534,1444,1464,1519,1388,1415,1450,1457,1471,1398,1450,1461,1472.55,46.65787254801777,0.3867119437369162,42.40159538575664,344.3103483511595,386.71194373691617,75.50482116914826,35.3194713693195,44.07968679529273,8.760215425973229
39,1580,1575,1533,1554,1526,1518,1570,1629,1495,1577,1537,1585,1574,1543,1436,1519,1570,1574,1500,1561,1581,1573,1486,1549,1536,1575,1539,1605,1544,1524,1583,1510,1518,1542,1543,1561,1525,1581,1499,1570,1516,1553,1510,1577,1571,1547,1478,1568,1528,1533,1575,1560,1500,1549,1503,1526,1500,1519,1517,1512,1574,1507,1544,1560,1527,1563,1534,1597,1522,1497,1587,1516,1606,1561,1558,1537,1620,1570,1501,1544,1491,1583,1564,1487,1554,1506,1533,1538,1577,1556,1534,1586,1514,1510,1534,1538,1545,1521,1524,1556,1543.18,33.508141630886605,0.4418516051519017,56.69166883769743,385.15993631420423,441.85160515190165,98.83571454523445,36.21649836423181,44.93246273444913,8.715964370217321
40,1613,1604,1578,1591,1589,1578,1614,1662,1536,1621,1590,1640,1603,1604,1528,1566,1606,1620,1548,1609,1626,1591,1572,1610,1591,1630,1593,1648,1612,1577,1590,1573,1569,1592,1584,1600,1570,1630,1548,1607,1563,1610,1573,1620,1610,1587,1568,1625,1543,1583,1621,1623,1567,1597,1561,1587,1606,1570,1560,1551,1612,1574,1585,1580,1604,1620,1612,1650,1596,1587,1644,1592,1644,1632,1603,1596,1685,1600,1553,1621,1527,1610,1622,1577,1601,1573,1597,1578,1641,1615,1582,1613,1577,1602,1586,1598,1610,1585,1570,1634,1596.26,28.710896112026102,0.49786263301991374,74.42635852974847,423.43627449016526,497.86263301991374,126.60046321831702,37.10878293834607,45.78210221663606,8.673319278289995
41,1654,1634,1630,1652,1650,1628,1651,1670,1576,1656,1647,1665,1640,1639,1595,1637,1671,1638,1582,1646,1656,1648,1608,1652,1638,1661,1645,1665,1673,1624,1633,1620,1612,1618,1645,1662,1620,1666,1616,1635,1593,1652,1611,1678,1629,1630,1636,1655,1604,1635,1668,1653,1625,1623,1609,1610,1633,1621,1607,1620,1639,1640,1642,1632,1644,1667,1625,1678,1637,1637,1669,1657,1670,1674,1633,1646,1722,1635,1613,1658,1594,1666,1654,1606,1654,1641,1610,1618,1648,1650,1649,1651,1642,1645,1623,1629,1652,1628,1621,1671,1639.2,23.41889076033373,0.5534775540782549,95.95045410511766,457.52709997313724,553.4775540782549,158.63311053663134,37.996281741154874,46.62904457543044,8.632762834275567
42,1678,1667,1673,1671,1691,1692,1680,1678,1617,1677,1688,1702,1657,1695,1628,1680,1697,1678,1640,1690,1677,1695,1638,1699,1668,1695,1682,1681,1696,1673,1648,1659,1654,1656,1682,1686,1647,1669,1645,1689,1620,1677,1628,1705,1671,1653,1686,1688,1617,1680,1698,1696,1660,1647,1645,1656,1678,1657,1651,1669,1685,1671,1667,1657,1683,1698,1666,1702,1662,1671,1693,1683,1685,1700,1650,1667,1729,1660,1631,1694,1633,1688,1675,1643,1694,1674,1655,1656,1679,1678,1681,1691,1678,1700,1681,1668,1691,1659,1679,1709,1672.66,21.81798905638754,0.6073875236273123,121.48495919886241,485.9025644284499,607.3875236273124,194.3729527458422,38.87898703055637,47.47377251600442,8.594785485448057
43,1699,1705,1700,1685,1715,1708,1705,1720,1660,1709,1711,1718,1681,1724,1668,1714,1717,1723,1685,1717,1698,1727,1663,1733,1688,1718,1691,1690,1751,1702,1679,1702,1702,1686,1725,1724,1684,1697,1698,1706,1664,1719,1679,1721,1695,1673,1709,1724,1644,1701,1718,1732,1701,1654,1665,1680,1711,1682,1667,1689,1724,1716,1699,1675,1698,1729,1705,1706,1691,1703,1709,1710,1719,1727,1688,1701,1757,1680,1661,1711,1658,1724,1702,1671,1716,1702,1679,1669,1719,1721,1704,1717,1717,1725,1718,1707,1728,1710,1688,1731,1701.71,21.81339362442582,0.6583032096636556,151.07603449273734,507.2271751709183,658.3032096636557,232.81025851576075,39.756931318727034,48.316805521930696,8.559874203203663
44,1712,1731,1704,1707,1722,1733,1728,1753,1701,1729,1736,1759,1712,1749,1689,1740,1732,1744,1727,1741,1701,1743,1675,1765,1725,1745,1718,1719,1775,1723,1692,1708,1731,1737,1731,1751,1713,1711,1711,1721,1696,1746,1700,1732,1715,1686,1721,1751,1673,1740,1746,1740,1740,1664,1697,1700,1733,1699,1695,1701,1749,1765,1725,1691,1709,1739,1728,1732,1716,1723,1726,1734,1739,1750,1721,1727,1767,1719,1686,1743,1715,1726,1717,1732,1717,1733,1715,1718,1733,1725,1719,1738,1736,1738,1735,1753,1737,1733,1704,1755,1724.87,21.28766655776878,0.7050099274217073,184.54747967415958,520.4624477475477,705.0099274217073,272.47852621910897,40.63019170139607,49.15869194127067,8.528500239874596
45,1720,1745,1730,1731,1755,1740,1747,1760,1720,1745,1741,1768,1729,1777,1731,1754,1751,1761,1734,1751,1709,1761,1709,1770,1738,1769,1726,1724,1791,1733,1700,1729,1740,1741,1752,1764,1731,1748,1730,1742,1709,1752,1723,1750,1726,1708,1752,1765,1717,1759,1759,1750,1752,1693,1726,1730,1741,1724,1722,1723,1764,1764,1743,1708,1743,1758,1733,1752,1736,1744,1743,1751,1750,1770,1729,1737,1778,1729,1716,1749,1720,1745,1740,1734,1727,1758,1728,1744,1757,1730,1729,1754,1775,1771,1758,1755,1770,1752,1716,1767,1742.05,19.053022772454685,0.7464124523691952,221.46297642314815,524.949475946047,746.4124523691951,311.50839739013276,41.498893661349896,50.0,8.501106338650104
46,1734,1762,1745,1754,1770,1767,1761,1769,1739,1749,1749,1777,1742,1788,1752,1763,1760,1765,1746,1759,1721,1759,1741,1783,1760,1783,1752,1730,1797,1748,1713,1757,1755,1757,1761,1776,1732,1747,1744,1743,1724,1770,1728,1768,1741,1727,1756,1781,1733,1781,1774,1750,1758,1718,1725,1734,1747,1736,1751,1744,1771,1767,1761,1719,1740,1782,1749,1770,1753,1745,1755,1780,1758,1762,1756,1748,1796,1749,1730,1762,1751,1746,1757,1746,1742,1763,1751,1765,1788,1745,1759,1768,1792,1781,1774,1777,1770,1763,1741,1779,1755.67,18.153695675169455,0.7815668988980448,261.1044511504971,520.4624477475477,781.5668988980448,347.75029995556446,42.363214124006326,50.84130805872933,8.478093934723006
47,1742,1772,1765,1763,1784,1752,1765,1780,1758,1759,1745,1784,1743,1795,1774,1780,1766,1771,1765,1774,1742,1778,1753,1785,1774,1798,1774,1750,1806,1745,1731,1757,1758,1773,1768,1794,1735,1738,1756,1750,1731,1782,1750,1782,1754,1732,1746,1762,1738,1787,1763,1765,1766,1709,1729,1742,1749,1756,1749,1747,1782,1769,1767,1741,1758,1769,1775,1786,1760,1745,1754,1786,1771,1791,1760,1751,1798,1754,1750,1773,1763,1748,1758,1770,1767,1766,1762,1769,1783,1761,1755,1786,1804,1801,1794,1783,1776,1779,1753,1787,1764.46,18.702573689903286,0.8096993299518703,302.47215478095194,507.2271751709183,809.6993299518703,378.9606609814601,43.22338354157216,51.683194478069304,8.459810936497142
48,1759,1766,1774,1768,1804,1764,1790,1797,1781,1747,1760,1785,1750,1805,1771,1791,1774,1786,1758,1772,1751,1771,1775,1788,1780,1797,1781,1767,1814,1757,1737,1763,1771,1775,1769,1798,1766,1758,1764,1763,1743,1791,1769,1790,1763,1747,1763,1778,1755,1788,1769,1784,1776,1723,1738,1750,1764,1752,1759,1756,1784,1780,1779,1742,1763,1767,1772,1781,1764,1754,1756,1794,1790,1778,1751,1769,1809,1765,1742,1780,1774,1755,1753,1775,1767,1770,1764,1769,1806,1782,1764,1775,1812,1813,1794,1781,1787,1793,1767,1790,1772.16,18.006575678811554,0.8302129127796094,344.3103483511595,485.9025644284499,830.2129127796095,403.032231004322,44.07968679529273,52.52622748399558,8.446540688702846
49,1762,1770,1790,1771,1805,1770,1798,1793,1788,1759,1768,1781,1759,1808,1773,1791,1774,1778,1760,1786,1752,1793,1772,1787,1783,1807,1779,1759,1813,1774,1746,1767,1782,1775,1775,1813,1762,1762,1761,1776,1757,1803,1770,1782,1766,1754,1783,1781,1757,1793,1773,1775,1779,1734,1746,1766,1752,1777,1764,1763,1782,1785,1791,1741,1763,1768,1785,1784,1780,1763,1765,1800,1798,1778,1761,1760,1806,1774,1751,1788,1779,1755,1768,1776,1788,1784,1775,1771,1806,1775,1775,1775,1800,1801,1793,1786,1793,1788,1769,1785,1776.62,16.392151361631157,0.8426870362873415,385.15993631420423,457.52709997313724,842.6870362873415,418.2361923213158,44.93246273444913,53.37095542456956,8.438492690120427
50,1764,1763,1789,1777,1799,1763,1793,1799,1774,1761,1775,1788,1769,1816,1780,1781,1787,1787,1769,1783,1752,1790,1782,1796,1786,1797,1785,1757,1813,1787,1747,1765,1767,1769,1777,1799,1757,1769,1764,1774,1769,1807,1768,1789,1769,1748,1777,1771,1748,1795,1765,1773,1772,1723,1743,1765,1741,1775,1769,1775,1796,1779,1798,1740,1758,1775,1769,1786,1774,1764,1762,1793,1796,1782,1762,1770,1801,1781,1756,1786,1782,1750,1772,1764,1788,1777,1774,1791,1814,1767,1768,1783,1800,1798,1796,1799,1791,1786,1762,1783,1776.65,17.252360400650666,0.8468725489803306,423.43627449016526,423.4362744901653,846.8725489803305,423.4362744901653,45.78210221663606,54.21789778336394,8.435795566727876
51,1762,1771,1797,1786,1793,1756,1780,1791,1777,1763,1781,1791,1771,1817,1785,1781,1773,1782,1761,1779,1750,1793,1773,1790,1780,1791,1783,1755,1811,1776,1761,1767,1768,1774,1768,1792,1757,1776,1759,1784,1763,1815,1768,1783,1766,1744,1778,1780,1753,1802,1776,1771,1777,1729,1744,1764,1752,1773,1772,1771,1796,1779,1793,1753,1770,1777,1780,1790,1770,1762,1765,1791,1796,1772,1762,1760,1806,1766,1750,1788,1782,1752,1771,1771,1793,1775,1777,1777,1815,1784,1759,1767,1795,1792,1797,1793,1784,1791,1750,1777,1776.14,16.477729077623398,0.8426870362873415,457.52709997313724,385.1599363142043,842.6870362873415,418.23619232131585,46.62904457543044,55.06753726555087,8.438492690120427
52,1763,1766,1794,1781,1791,1748,1763,1796,1767,1745,1780,1793,1756,1810,1777,1786,1778,1784,1746,1772,1757,1783,1773,1786,1777,1788,1783,1756,1811,1777,1759,1757,1772,1761,1766,1780,1748,1775,1769,1782,1754,1804,1774,1780,1768,1740,1781,1774,1746,1787,1781,1785,1765,1727,1750,1769,1748,1754,1767,1763,1781,1783,1789,1744,1764,1770,1775,1789,1778,1759,1769,1793,1799,1774,1756,1751,1812,1766,1751,1778,1766,1751,1757,1763,1779,1764,1781,1781,1814,1771,1764,1768,1788,1779,1790,1785,1782,1786,1747,1785,1772.55,16.887252379510794,0.8302129127796095,485.9025644284499,344.3103483511596,830.2129127796095,403.0322310043221,47.47377251600442,55.92031320470727,8.446540688702846
53,1758,1761,1785,1770,1780,1761,1763,1792,1758,1743,1769,1785,1770,1801,1771,1772,1766,1768,1729,1769,1753,1772,1767,1788,1765,1771,1767,1749,1787,1771,1752,1755,1763,1747,1754,1787,1755,1773,1750,1768,1755,1793,1762,1787,1758,1735,1766,1760,1747,1782,1765,1775,1754,1734,1742,1762,1740,1758,1760,1744,1763,1776,1776,1736,1762,1763,1769,1776,1762,1770,1766,1798,1790,1756,1746,1740,1803,1766,1754,1776,1763,1736,1751,1758,1774,1742,1767,1777,1794,1752,1758,1768,1764,1776,1777,1781,1769,1769,1757,1785,1765.1,15.498778055450728,0.8096993299518703,507.2271751709183,302.472154780952,809.6993299518704,378.9606609814601,48.316805521930696,56.77661645842784,8.459810936497142
54,1756,1731,1779,1758,1755,1753,1752,1758,1748,1731,1759,1771,1760,1785,1753,1787,1766,1763,1720,1764,1748,1774,1767,1797,1746,1759,1773,1737,1779,1767,1744,1752,1746,1746,1748,1774,1746,1750,1742,1766,1748,1787,1763,1768,1740,1720,1748,1754,1750,1774,1747,1764,1748,1719,1731,1743,1727,1751,1755,1735,1749,1771,1764,1719,1746,1756,1767,1762,1751,1760,1757,1776,1762,1761,1732,1734,1786,1750,1738,1761,1748,1742,1755,1729,1775,1732,1761,1755,1796,1748,1733,1750,1752,1756,1776,1761,1759,1758,1739,1767,1754.76,16.45570730872128,0.7815668988980449,520.4624477475477,261.1044511504971,781.5668988980448,347.75029995556446,49.15869194127067,57.636785875993674,8.478093934723006
55,1740,1716,1772,1744,1741,1756,1749,1754,1737,1729,1743,1765,1740,1775,1718,1759,1753,1757,1702,1740,1729,1754,1741,1771,1740,1746,1748,1721,1768,1761,1725,1743,1737,1737,1739,1759,1734,1748,1722,1745,1733,1771,1752,1743,1744,1700,1728,1729,1736,1746,1732,1744,1728,1719,1726,1727,1712,1733,1758,1714,1729,1759,1734,1707,1730,1737,1733,1756,1735,1751,1763,1774,1744,1737,1723,1717,1766,1725,1725,1748,1712,1746,1729,1733,1757,1731,1745,1747,1779,1737,1711,1743,1734,1732,1769,1756,1743,1759,1725,1752,1740.66,16.956402801290015,0.7464124523691953,524.949475946047,221.46297642314826,746.4124523691952,311.50839739013287,50.0,58.501106338650104,8.501106338650104
56,1724,1701,1743,1717,1725,1732,1732,1743,1719,1717,1721,1753,1708,1755,1709,1752,1738,1750,1695,1725,1709,1726,1729,1754,1713,1725,1746,1708,1757,1745,1693,1727,1729,1712,1718,1724,1717,1730,1691,1740,1707,1740,1733,1728,1719,1689,1701,1715,1704,1729,1733,1725,1718,1704,1722,1711,1693,1725,1733,1693,1719,1739,1730,1679,1698,1720,1711,1732,1733,1728,1734,1765,1720,1699,1712,1711,1766,1709,1702,1730,1698,1736,1708,1727,1747,1688,1722,1748,1755,1705,1697,1705,1715,1720,1742,1736,1754,1706,1712,1743,1722.75,18.717126063603036,0.7050099274217073,520.4624477475477,184.54747967415963,705.0099274217073,272.4785262191091,50.84130805872933,59.36980829860393,8.528500239874596
57,1712,1693,1696,1693,1685,1726,1709,1713,1692,1690,1702,1721,1691,1724,1681,1728,1726,1729,1664,1709,1701,1695,1700,1729,1702,1714,1722,1691,1736,1720,1675,1728,1696,1698,1709,1701,1693,1712,1675,1736,1690,1711,1691,1696,1707,1680,1675,1701,1678,1693,1707,1709,1707,1680,1698,1678,1692,1695,1702,1672,1694,1733,1707,1667,1654,1705,1669,1718,1690,1701,1722,1753,1705,1678,1689,1664,1730,1690,1677,1699,1668,1725,1701,1696,1713,1665,1711,1711,1727,1680,1681,1685,1685,1697,1720,1710,1722,1687,1704,1723,1700.35,19.335618987148088,0.6583032096636556,507.2271751709183,151.07603449273734,658.3032096636557,232.81025851576075,51.683194478069304,60.243068681272966,8.559874203203663
58,1668,1658,1678,1678,1664,1683,1665,1690,1669,1658,1663,1692,1665,1682,1665,1716,1682,1715,1628,1684,1669,1674,1662,1677,1668,1679,1694,1668,1707,1693,1635,1691,1655,1665,1677,1690,1649,1691,1625,1725,1659,1686,1652,1677,1669,1664,1646,1651,1663,1641,1667,1677,1682,1663,1681,1632,1648,1676,1675,1655,1648,1722,1668,1626,1649,1687,1643,1684,1657,1668,1693,1717,1668,1672,1663,1659,1702,1647,1652,1680,1633,1698,1690,1648,1691,1620,1672,1680,1694,1652,1643,1659,1652,1672,1672,1700,1704,1646,1688,1712,1670.92,22.215964775563783,0.6073875236273123,485.9025644284499,121.48495919886237,607.3875236273122,194.37295274584218,52.52622748399558,61.12101296944364,8.594785485448064
59,1616,1633,1623,1627,1624,1658,1628,1645,1625,1628,1644,1646,1624,1647,1624,1685,1635,1700,1588,1617,1628,1637,1641,1636,1645,1621,1676,1639,1667,1648,1616,1649,1620,1635,1647,1652,1616,1661,1589,1686,1630,1648,1611,1664,1654,1617,1630,1613,1623,1590,1632,1654,1652,1633,1641,1602,1642,1631,1650,1611,1616,1673,1625,1588,1623,1651,1589,1649,1615,1646,1656,1685,1634,1609,1627,1627,1654,1617,1615,1630,1606,1668,1650,1616,1655,1583,1649,1653,1652,1617,1588,1628,1631,1622,1633,1655,1659,1613,1655,1684,1635.0,23.5496466764548,0.5534775540782549,457.52709997313724,95.95045410511771,553.4775540782549,158.63311053663145,53.37095542456956,62.00371825884512,8.63276283427556
60,1579,1572,1595,1579,1577,1618,1599,1607,1585,1593,1591,1602,1576,1582,1549,1659,1607,1680,1528,1594,1597,1600,1600,1594,1609,1563,1641,1610,1656,1602,1547,1628,1585,1586,1589,1634,1585,1595,1560,1645,1571,1594,1561,1613,1593,1561,1591,1585,1577,1528,1576,1590,1587,1599,1606,1577,1621,1623,1614,1580,1533,1660,1579,1541,1571,1619,1495,1594,1594,1598,1611,1653,1604,1549,1575,1585,1583,1556,1599,1562,1569,1629,1618,1554,1603,1555,1609,1621,1601,1566,1561,1585,1588,1594,1577,1589,1631,1602,1625,1652,1592.35,30.760191708430455,0.49786263301991374,423.4362744901653,74.42635852974844,497.86263301991374,126.60046321831699,54.21789778336394,62.89121706165393,8.673319278289995
61,1502,1533,1530,1529,1504,1579,1537,1564,1572,1533,1528,1520,1545,1497,1473,1611,1564,1625,1516,1543,1544,1540,1527,1529,1574,1522,1596,1564,1589,1527,1483,1587,1499,1499,1512,1570,1560,1520,1528,1579,1490,1522,1498,1588,1515,1482,1535,1519,1508,1429,1500,1538,1539,1518,1557,1512,1587,1560,1557,1555,1472,1596,1519,1488,1501,1565,1400,1528,1545,1548,1548,1592,1557,1441,1520,1567,1529,1500,1546,1529,1482,1580,1580,1486,1521,1503,1544,1573,1544,1487,1520,1497,1508,1554,1535,1546,1574,1558,1571,1579,1533.96,38.43791268153269,0.4418516051519017,385.1599363142043,56.691668837697385,441.85160515190165,98.83571454523438,55.06753726555087,63.783501635768204,8.715964370217335
62,1414,1440,1506,1504,1424,1503,1465,1507,1505,1456,1450,1450,1472,1412,1383,1549,1494,1541,1450,1446,1506,1456,1467,1442,1518,1461,1550,1510,1545,1432,1412,1481,1414,1402,1448,1529,1478,1428,1482,1529,1393,1429,1408,1525,1462,1410,1487,1503,1453,1197,1425,1461,1447,1441,1497,1493,1528,1533,1503,1467,1368,1540,1459,1445,1459,1518,1246,1490,1470,1455,1470,1535,1480,1308,1457,1522,1393,1449,1488,1487,1431,1494,1527,1441,1460,1476,1477,1533,1464,1465,1425,1379,1418,1500,1460,1472,1487,1508,1528,1528,1464.35,57.240477131329214,0.3867119437369162,344.3103483511596,42.40159538575661,386.71194373691617,75.5048211691482,55.92031320470727,64.68052863068051,8.760215425973243
63,1273,1323,1429,1455,1288,1449,1407,1441,1403,1377,1410,1370,1373,1333,1280,1468,1444,1460,1400,1339,1403,1383,1427,1369,1437,1391,1422,1408,1467,1327,1301,1447,1359,1315,1370,1444,1425,1307,1422,1394,1281,1337,1287,1441,1379,1330,1411,1438,1352,1007,1361,1337,1324,1348,1425,1450,1462,1445,1434,1398,1286,1456,1344,1355,1398,1406,1063,1439,1437,1317,1399,1454,1423,1176,1381,1464,1334,1362,1445,1409,1327,1416,1461,1383,1377,1406,1398,1485,1370,1382,1354,1213,1327,1479,1384,1384,1400,1446,1476,1460,1380.63,77.70491384953488,0.3336089502224603,302.472154780952,31.13679544150827,333.6089502224603,56.46139651760854,56.77661645842784,65.58222386237206,8.805607403944222
64,1140,1310,1342,1351,1178,1357,1277,1374,1293,1268,1344,1271,1297,1259,1138,1427,1355,1380,1353,1139,1327,1284,1340,1173,1330,1244,1338,1360,1347,1157,1178,1333,1272,1234,1290,1338,1375,1199,1332,1227,1191,1209,1184,1343,1277,1243,1344,1341,1201,669,1290,1225,1334,1248,1349,1399,1396,1308,1368,1231,1095,1356,1209,1196,1285,1296,768,1336,1336,1200,1276,1352,1310,1046,1236,1386,1308,1248,1384,1350,1156,1262,1393,1286,1284,1278,1268,1395,1269,1276,1224,1045,1265,1400,1259,1308,1307,1381,1363,1323,1273.96,112.3254578661867,0.2835511996758583,261.1044511504971,22.446748525361215,283.5511996758583,41.33959553355876,57.636785875993674,66.48848705676795,8.851701180774278
65,1010,1196,1258,1264,1106,1171,1082,1252,1147,1064,1227,1090,1258,1093,945,1304,1241,1257,1225,1029,1194,1086,1247,1050,1302,1136,1201,1285,1278,1007,1023,1216,1119,1159,1188,1211,1276,939,1251,1083,1083,1063,1031,1312,1120,1092,1259,1265,1077,460,1126,1132,1261,930,1255,1309,1287,1177,1290,1168,1170,1284,1090,1024,1169,1180,520,1225,1283,1055,1105,1178,1217,906,1019,1272,1148,1099,1236,1260,1076,954,1311,1073,1226,1261,1099,1277,1130,1147,1032,840,1146,1290,1100,1131,1179,1271,1275,1135,1145.6,141.21915055986028,0.23734774233660305,221.46297642314826,15.884765913454778,237.34774233660303,29.643320002510485,58.501106338650104,67.39919643110956,8.898090092459455
66,964,1075,1158,1168,950,1021,826,1069,1124,995,1103,852,1147,833,549,1180,1146,1080,1079,768,1121,718,1134,693,1180,887,913,1157,1114,810,884,1083,965,996,971,1127,1124,810,1176,855,912,977,867,1123,966,907,1263,1134,915,110,890,1017,1134,696,1094,1154,1109,819,1209,1058,917,1184,887,914,1061,1004,351,1043,1167,939,810,905,1095,815,567,1119,1013,813,1023,1078,949,634,1177,963,1121,1180,882,1122,1006,953,835,693,950,1076,785,995,965,1170,1091,1014,974.25,186.0009978793695,0.19558107992399532,184.54747967415963,11.033600249835684,195.5810799239953,20.82229138555375,59.36980829860393,68.31421301273667,8.944404714132745
67,798,937,1069,1082,772,528,549,973,950,774,939,582,1053,638,76,851,1038,903,984,770,959,398,950,607,1056,357,768,980,973,628,708,826,789,939,873,905,1024,463,1072,371,770,826,655,994,699,676,1159,1026,723,84,631,795,1008,490,971,924,890,690,1060,763,764,989,468,684,855,836,285,798,983,773,503,479,787,390,302,938,798,623,772,924,585,200,1004,837,1036,987,722,1005,874,580,531,504,814,889,597,717,764,1100,838,1019,773.0,232.81214519327582,0.15859789387093381,151.07603449273734,7.521859378196494,158.59789387093383,14.330236791097713,60.243068681272966,69.23338462340197,8.990315942129008
68,611,750,796,853,277,226,341,824,796,669,754,331,938,476,4,602,863,941,848,736,840,35,681,268,921,164,531,737,848,245,634,691,668,719,741,679,887,83,977,25,528,246,565,826,518,469,1009,884,491,53,498,283,873,17,739,756,616,395,897,458,698,817,270,578,472,675,0,605,747,606,301,238,564,113,53,690,640,419,534,568,297,151,955,731,805,786,473,841,636,656,427,79,652,796,298,274,65,906,592,817,559.56,275.36878192817375,0.12651728323172462,121.48495919886237,5.032324032862245,126.51728323172462,9.664318805960987,61.12101296944364,70.156549483058,9.03553651361436
69,442,484,440,746,124,0,141,727,883,284,450,76,667,230,5,434,747,633,704,476,736,0,313,135,620,112,405,431,616,77,388,358,489,567,551,410,406,11,718,19,343,96,58,547,103,252,783,610,144,35,193,78,763,0,501,603,316,215,592,224,592,572,53,391,227,393,0,453,429,92,118,0,211,95,25,445,329,340,294,805,7,67,898,502,562,468,57,563,433,417,207,0,189,553,115,235,1,641,187,590,350.67,249.2270902716086,0.09925424656221393,95.95045410511771,3.303792457096222,99.25424656221394,6.387643803809339,62.00371825884512,71.0835394093222,9.07982115047708
70,312,253,23,566,71,0,5,457,735,233,192,2,406,163,0,213,503,538,414,252,394,0,11,2,344,71,178,182,236,0,280,2,416,512,357,230,231,7,672,9,251,0,0,330,7,190,563,257,108,36,34,0,671,0,284,351,2,0,501,0,476,102,0,322,0,96,0,215,52,0,1,0,52,66,15,258,231,120,63,642,5,67,715,280,484,271,0,274,189,310,0,0,0,280,47,166,0,347,0,198,194.01,201.49178467850572,0.07655461786126017,74.42635852974844,2.128259331511728,76.55461786126017,4.138185167051325,62.89121706165393,72.01418260715678,9.12296554550285
71,101,0,5,165,54,0,7,101,489,23,128,0,16,16,0,145,410,483,145,219,300,0,8,0,2,1,26,135,158,0,1,1,53,393,75,0,38,0,14,2,198,0,0,3,3,93,353,184,8,0,11,0,591,0,0,143,0,0,249,0,231,1,0,1,0,2,0,23,0,0,0,0,0,36,10,61,38,0,0,258,1,54,547,182,6,37,0,132,6,216,0,0,0,82,0,19,0,0,0,136,76.29,131.29635650818048,0.05803682390413134,56.691668837697385,1.3451550664339562,58.03682390413134,2.62795516472762,63.783501635768204,72.94830605774496,9.164804421976754
72,45,2,0,0,6,455,4,0,441,12,0,0,0,11,0,1,337,387,47,183,217,0,0,0,6,0,2,5,4,0,0,1,0,326,1,0,0,0,0,3,142,0,0,0,0,8,69,0,1,0,6,0,488,0,0,0,0,0,207,0,158,1,0,0,0,0,0,0,0,0,0,0,0,8,0,0,8,0,0,139,0,42,73,0,2,5,0,6,0,90,0,0,0,49,0,4,0,0,0,99,41.01,103.77096915999213,0.043235710694769613,42.40159538575661,0.834115309013006,43.235710694769615,1.6360466507660947,64.68052863068051,73.88573752628108,9.205208895600563
73,7,0,0,0,1,411,0,0,277,8,0,0,0,0,0,0,285,291,0,113,156,0,0,0,1,0,1,0,1,0,0,0,0,215,0,0,0,0,0,0,2,0,0,0,0,0,0,0,0,0,0,0,366,0,0,0,0,0,134,0,110,0,0,0,0,0,0,0,0,0,0,0,0,1,0,0,8,0,0,107,0,0,0,0,0,2,0,0,0,56,0,0,0,0,0,8,0,0,0,62,26.23,78.41740878146882,0.031644203316101294,31.13679544150827,0.5074078745930244,31.644203316101294,0.9985434007481908,65.58222386237206,74.82630721588008,9.244083353508017
74,0,0,0,0,6,356,0,0,170,5,0,0,0,0,0,0,188,202,0,22,3,0,0,0,1,0,0,0,1,0,0,0,0,5,0,0,0,0,0,0,0,0,0,0,0,0,0,0,0,0,0,0,0,0,0,0,0,0,0,0,18,0,0,0,0,0,0,0,0,0,0,0,0,0,0,0,0,0,0,73,0,0,0,0,0,0,0,0,0,24,0,0,0,0,0,0,0,0,0,32,11.06,47.92519844992454,0.02274953648980449,22.446748525361215,0.30278796444327405,22.74953648980449,0.5975159359761176,66.48848705676795,75.76984909948706,9.28136204271911
