permutation_i,40,41,42,43,44,45,46,47,48,49,50,51,52,53,54,55,56,57,58,59,60,61,62,63,64
0,7738,7680,7546,7285,7060,6857,6786,6869,6949,7011,6849,6428,5627,4730,4451,4464,4973,5505,5961,6115,6101,6027,5578,5160,5040
1,6761,7121,7286,7291,7274,7310,7329,7099,6442,5557,4820,4503,4806,5309,5798,6086,6317,6354,6265,5839,5542,5631,5851,5979,5936
2,7532,7294,6923,6503,5955,5499,5517,5632,5616,5263,4754,4272,4034,4633,5354,5971,6417,6595,6257,5481,4856,4585,4870,5549,5952
3,6197,6453,6742,6813,6847,6871,6857,6716,6452,6084,5625,5182,4886,4881,5261,5708,5776,5589,5463,5543,5686,5885,6185,6425,6473
4,7225,7067,6968,6934,6927,6909,6952,6991,7018,6943,6776,6337,5664,5244,5160,5251,5237,5229,5076,5142,5442,5876,6242,6423,6482
5,7863,7846,7792,7629,7277,6790,6311,6023,5895,5875,5721,5438,4995,4883,4912,5232,5510,5620,5562,5258,4775,4512,4768,5233,5601
6,7104,7008,6846,6422,5877,5417,5454,5545,5421,5159,4880,5187,5497,5904,5969,5806,5716,5545,5228,4541,3884,3667,4459,5403,5864
7,6697,6624,6539,6294,5999,5564,5200,4786,4290,4208,4644,5131,5336,5441,5309,5115,4836,4183,3391,3233,3885,4437,4787,4835,4802
8,4558,4575,5674,6719,7240,7462,7465,7395,7198,6759,6286,5568,4723,4321,4511,5007,5425,5584,5661,5660,5474,5082,4859,5297,6126
9,7699,7565,7468,7306,6963,6290,5583,5083,4877,4971,5312,5713,5964,6038,5857,5481,5186,5080,4720,4464,4476,4744,4957,5229,5615
10,6808,6760,6787,6794,6724,6463,6170,5955,6062,6384,6692,6850,6806,6479,5600,4408,3568,3472,4561,5530,6213,6387,6029,5638,5412
11,6421,6555,6867,6970,6902,6704,6496,6131,5842,5411,4971,4872,5218,5487,5666,5792,5841,5720,5535,5294,5115,5141,5259,5451,5617
12,7509,7461,7409,7231,6850,6333,5692,5126,4983,5303,5987,6417,6408,6236,5940,5625,5256,4644,4481,4900,5495,5954,5921,5569,5327
13,7433,7206,6887,6612,6311,6049,5918,5611,5636,5799,6072,6341,6489,6300,5801,5167,4739,4466,4604,4991,5327,5667,5725,5693,5630
14,7119,7358,7541,7562,7510,7350,7040,6375,5419,4270,3714,4459,5304,5843,5820,5439,4798,4135,3654,3742,4719,6174,6772,6813,6668
15,7084,6934,6890,6821,6533,6189,6092,6209,6524,6832,7066,7313,7362,7262,6865,6085,5158,4663,4786,5411,5713,5959,5848,5288,4550
16,7577,7388,7128,6648,6016,5607,5839,6469,6930,6897,6547,6050,5806,5622,5398,4990,4730,4865,5483,5997,6091,5997,5993,6036,6019
17,6500,6729,6938,7072,7013,6881,6715,6370,5776,5123,4705,4616,4711,4943,5277,5772,6427,6861,6932,6901,6725,6432,6195,5629,4847
18,7201,7104,7016,6938,6822,6707,6456,5719,4999,4573,4705,5223,5599,5877,6187,6254,5969,5397,4628,4412,4493,4821,5131,5415,5587
19,6731,6617,6738,6948,7117,7111,6996,6773,6371,5876,5502,5554,5590,5699,5809,5946,6074,6252,6261,6334,6476,6756,6834,6558,6091
20,6356,6110,6286,6550,6789,6847,6782,6550,6449,6354,6088,5917,5674,5620,5428,5238,5238,5439,5618,5820,5897,5842,5501,5119,4885
21,6891,6441,6244,6256,6381,6542,6504,6529,6522,6612,6514,6300,5944,5681,5662,5786,5846,5674,5518,5415,5285,5260,5132,5248,5808
22,7529,7606,7640,7661,7556,7216,6703,5815,4930,4499,4594,5221,5543,5740,5597,5356,5115,4629,4220,4219,4740,5588,6195,6366,6119
23,6968,6594,5933,5219,4652,4948,5860,6776,7215,7400,7345,7077,6446,5488,4137,3192,3655,4807,5705,6107,6241,6065,5643,5266,5430
24,5879,5486,5649,6189,6609,6774,6812,6777,6634,6389,6179,5850,5475,4955,4431,4111,4211,4851,5511,5923,6307,6472,6424,6035,4953
25,7751,7700,7615,7345,6638,5436,4175,3990,4983,6024,6437,6201,5888,5713,5569,5186,4180,3346,3430,4030,4593,4806,4778,4822,5059
26,7075,6410,5827,5538,5800,6199,6646,6932,6976,6757,6231,5252,4708,4582,5404,6338,6898,7192,7341,7370,7204,6714,5715,4755,4259
27,7668,7550,7377,7096,6867,6677,6526,6475,6471,6512,6602,6550,6296,5715,5117,4731,4471,4340,4882,5653,6330,6738,6816,6713,6398
28,7424,7633,7661,7633,7610,7605,7540,7396,7204,6870,6363,5811,5340,5211,5038,5059,5062,5198,5483,5697,5784,5819,5685,5225,4458
29,6506,6280,6078,5788,5568,5563,6006,6471,6490,6250,5672,5196,4893,4471,4011,4281,4834,5236,5341,5480,5402,5060,4866,4546,4397
30,5972,6891,7656,7943,7993,7944,7746,7517,7175,6538,5856,5482,5291,5222,5196,5174,5091,4953,4972,5109,5397,5573,5805,6007,6125
31,6556,5926,5661,5803,6140,6669,7086,7275,7338,7418,7429,7290,6811,6313,5948,5614,5410,4902,4748,4766,4900,5307,5572,5616,5394
32,7626,7321,6826,5953,5218,4928,5218,5811,6313,6542,6467,6192,5279,4333,3830,4005,4881,5987,6624,6740,6553,6200,5472,4803,4834
33,6310,6265,6425,6488,6431,6269,6008,5620,5652,5859,6231,6605,6744,6645,6275,5663,4866,4249,4394,4904,5458,5718,5800,5803,5797
34,7461,7556,7621,7663,7543,7235,6728,5957,5229,4879,5156,5492,5632,5604,5289,4933,4826,4875,5044,5436,5808,5904,5868,5808,5613
35,7079,6989,6855,6503,6133,5641,5559,5801,5996,6046,5986,5797,5544,5469,5353,5304,5172,5121,5144,5252,5649,5950,5975,5945,5826
36,7242,7337,7421,7381,7172,6707,6134,5861,5704,5696,5826,5916,5975,5981,5880,5605,5177,4758,4812,5169,5633,6109,6394,6321,5979
37,5512,5438,5437,5575,5857,6025,5886,5720,5619,5450,5534,5485,5123,4549,4194,4164,4481,4919,5352,5624,5896,6028,5961,5851,5798
38,7123,6884,6659,6538,6501,6606,6744,6818,6794,6636,6420,6315,6216,5951,5634,5150,4560,3937,4010,5056,6086,6748,6886,6663,6025
39,7296,7001,6684,6276,6109,6235,6489,6548,6436,5988,5315,4851,4849,5217,5635,5696,5317,4894,4479,4707,5160,5596,6004,6527,6813
40,7483,7527,7452,7293,7097,6780,6365,5863,5507,5473,5525,5536,5579,5844,6026,5961,5670,5234,4577,4002,4035,4508,5048,5414,5668
41,7389,7444,7389,7265,7104,6848,6403,5901,5449,5221,5438,6057,6210,5898,5443,4944,4813,4805,4711,4635,4550,4650,4709,4643,4605
42,7708,7529,7358,7088,6630,5951,5327,5047,5052,5491,6232,6708,6722,6501,6008,5237,4403,3758,4244,5055,5957,6537,6724,6729,6642
43,7958,7528,6890,6065,5199,4841,5195,5923,6404,6736,6932,7129,7236,7095,6332,5183,4229,4171,4891,5659,6137,6430,6528,6415,5923
44,7655,7386,7154,6901,6678,6348,5711,5168,4936,5110,5478,5863,6007,6064,6003,5892,5555,4977,4527,4526,4885,5428,5790,5968,6001
45,7138,7131,6991,6725,6425,6343,6448,6562,6638,6631,6511,6238,5835,5580,5463,5405,5499,5613,5825,5804,5604,5176,4464,4001,4397
46,6787,7105,7279,7370,7306,7231,7129,7053,7052,6996,6891,6778,6171,5325,5154,5466,5889,6060,5922,5514,5185,5049,5418,5991,6414
47,6314,5909,5897,5940,6023,6058,6032,5730,5412,5138,5153,5248,5148,4859,4658,4556,4623,4810,4966,5151,5185,5235,5267,5276,5155
48,6986,6852,6682,6320,5911,5788,5624,5498,5653,5949,6242,6317,6078,5611,4981,4189,3245,2873,3622,4732,5503,5877,5784,5459,4982
49,7805,7578,7256,6806,6404,6088,6004,6104,6276,6486,6567,6544,6457,6236,5775,4639,3718,3503,3654,4329,5214,6008,6604,6765,6750
50,6489,6298,6483,6732,7048,7269,7403,7328,7104,6853,6677,6057,5044,4432,4399,4642,4805,4831,4882,5048,5351,5846,6022,6058,5942
51,6877,6569,6295,6085,6128,6281,6384,6327,6259,6114,6189,6372,6405,6267,5923,5537,5039,4494,4227,4514,5537,6210,6502,6546,6483
52,6711,6614,6714,6902,6993,6786,6239,5312,4780,4475,4290,4648,5143,5525,5661,5791,5603,5230,4880,4870,4886,4752,4527,4586,5167
53,6052,6199,6315,6470,6818,6805,6648,5996,5483,4889,4540,4584,4727,5126,5278,4992,4747,4302,4313,4860,5493,6072,6368,6287,5823
54,6195,6720,7169,7359,7352,7179,6767,6206,5595,5089,5054,5553,6112,6516,6827,7087,7116,6848,6506,6330,6259,6135,5940,5808,5782
55,7051,7236,7427,7471,7346,7137,6878,6603,6274,5940,5487,4944,4492,4218,4420,4899,5560,5975,6042,5991,5869,5940,6079,6044,5877
56,4932,5495,6544,7340,7752,7862,7954,7909,7767,7375,6721,5677,4441,3442,3233,3576,4109,4422,4595,4569,4767,4958,5131,5201,5289
57,7120,7130,7218,7196,6988,6547,5881,5641,5889,6429,6785,6803,6444,6073,5910,5770,5238,4596,4669,5166,5664,5580,5134,4854,4965
58,6779,6527,6529,6713,7012,7268,7365,7227,6957,6436,5945,5551,5172,4920,4610,4473,4216,4173,4260,4226,4229,4294,4390,4202,3912
59,6533,6697,6874,7075,7123,7094,6902,6660,6317,5993,5812,5636,5325,4894,4536,4566,5160,6070,6737,6961,6917,6500,6093,5884,5591
60,6674,6396,6239,6188,6186,5913,5639,5485,5340,5137,4649,4260,3922,3962,4424,4939,5175,5234,5132,5085,5182,5045,4710,4388,4118
61,7432,7314,7210,7105,7000,6902,6806,6466,6197,5809,5505,5509,5680,6204,6639,6654,6403,6083,5947,6072,6356,6761,6952,7017,6862
62,7261,7098,6872,6747,6669,6677,6537,6305,6283,6420,6672,6954,6885,6666,6284,5782,5101,4519,4454,5104,5944,6798,7245,7366,7290
63,7042,6617,6022,5849,6110,6623,6844,6735,6273,5495,4940,4851,4560,4155,4216,4928,5549,5567,5143,4462,4259,4410,4709,4990,5175
64,7165,7312,7375,7333,7171,6648,5522,4413,4157,4637,5653,6279,6442,6431,6340,6195,5854,5529,5040,4318,3719,3871,4645,5568,5943
65,7105,6924,6933,7064,7000,6872,6826,6843,6767,6437,5883,5563,5510,5572,5850,6388,6974,7586,7889,8054,8102,8050,7904,7580,6722
66,6746,6811,6939,7053,7127,7045,6859,6618,6516,6520,6625,6841,6973,7048,6893,6550,6007,5350,4767,4476,4710,5055,5507,5835,5913
67,6833,6505,6493,6594,6615,6596,6397,5897,5469,5250,5504,5914,5927,5635,5107,4737,4890,5198,5614,5849,6044,6033,5566,4825,4233
68,6043,6047,6267,6552,6838,7017,6966,6769,6318,5488,4401,3843,3915,4230,5088,5818,6195,5965,5535,4877,4148,3618,3768,4174,4586
69,4818,5818,6720,7422,7920,8035,8024,7911,7725,7293,6085,3945,3079,3085,3454,3616,3713,3863,4038,4775,5337,5883,6121,6209,5905
70,5867,5466,5672,6232,6627,6824,6797,6623,6398,6036,5639,5161,4707,4525,4484,4822,5550,5982,6069,5799,5208,4783,4886,5247,5547
71,6992,7130,7193,7119,7002,6855,6549,6097,5787,5529,5553,5854,6065,6008,5499,4770,4348,4293,4817,5212,5593,5921,6055,5629,4862
72,6032,6802,7459,7770,7873,7768,7426,6806,6103,5647,5606,5922,6321,6494,6535,6507,6519,6480,6047,5058,4517,4857,5577,6177,6391
73,6511,6321,6268,6364,6511,6737,6888,6901,6734,6468,6140,5891,5689,5720,5835,5961,6037,6189,6274,6361,6218,6178,6240,6337,6357
74,6982,6439,6125,6030,6244,6275,6344,6310,6218,5911,5566,5309,5070,4894,4791,4573,4301,4323,4765,5175,5400,5575,5689,5702,5781
75,6457,6663,6976,7218,7227,6916,6434,5934,5813,5951,6282,6436,6220,4902,2908,2155,3135,5683,6653,7106,7322,7247,6824,5537,3354
76,6311,6679,7097,7226,7210,7086,6932,6629,6207,5604,5186,5125,5402,5497,5539,5601,5696,5804,5804,5656,5610,5554,5336,5162,4917
77,6753,6829,6908,6856,6689,6398,6004,5416,4920,4811,5080,5322,5789,5970,5976,5824,5406,4865,4468,4275,4430,4638,5039,5204,5335
78,7080,6974,6896,6839,6767,6694,6670,6559,6466,6378,6126,5783,5155,4756,4888,5830,6732,7089,7282,7232,6885,6075,4637,3611,4138
79,6708,6828,7004,7092,6963,6303,5087,3952,3646,4016,4968,5665,5922,5811,5209,4152,3165,3103,3915,4909,5863,6208,6217,5992,5298
